"Id","OwnerId","IsDeleted","Name","CreatedDate","CreatedById","LastModifiedDate","LastModifiedById","SystemModstamp","LastActivityDate","LastViewedDate","LastReferencedDate","ConnectionReceivedId","ConnectionSentId","nFORCE__Disable_Print__c","nFORCE__Show_Link_To_Context_Object__c","nFORCE__lookupKey__c"
"a2G5w000001aMOqEAM","0055w00000CM4vxAAD","","Standard Review Credit Memo (Account)","2020-05-14T11:36:46.000Z","0055w00000CM4vxAAD","2020-05-14T11:36:46.000Z","0055w00000CM4vxAAD","","","","","","","true","true","42379279229932235"
"a2G5w000001aMOrEAM","0055w00000CM4vxAAD","","Standard Product Package Credit Memo","2020-05-14T11:36:46.000Z","0055w00000CM4vxAAD","2020-05-14T11:36:46.000Z","0055w00000CM4vxAAD","","","","","","","true","true","42574703947997210"
"a2G5w000001aMOsEAM","0055w00000CM4vxAAD","","Standard Loan Credit Memo","2020-05-14T11:36:46.000Z","0055w00000CM4vxAAD","2020-05-14T11:36:46.000Z","0055w00000CM4vxAAD","","","","","","","true","true","42891280917000827"
"a2G5w000001aMOtEAM","0055w00000CM4vxAAD","","Standard Loan Credit Memo","2020-05-14T11:36:46.000Z","0055w00000CM4vxAAD","2020-05-14T11:36:46.000Z","0055w00000CM4vxAAD","","","","","","","true","true","42121422784906499"
"a2G5w000001aMOuEAM","0055w00000CM4vxAAD","","Standard Loan Credit Memo","2020-05-14T11:36:46.000Z","0055w00000CM4vxAAD","2020-05-14T11:36:46.000Z","0055w00000CM4vxAAD","","","","","","","true","true","42140568475863973"
"a2G5w000001aMOvEAM","0055w00000CM4vxAAD","","Master Product Package Credit Memo","2020-05-14T11:36:46.000Z","0055w00000CM4vxAAD","2020-05-14T11:36:46.000Z","0055w00000CM4vxAAD","","","","","","","true","true","42513758426634757"
"a2G5w000001aMOwEAM","0055w00000CM4vxAAD","","Master Product Package Credit Memo","2020-05-14T11:36:46.000Z","0055w00000CM4vxAAD","2020-05-14T11:36:46.000Z","0055w00000CM4vxAAD","","","","","","","true","true","42062514183153675"
"a2G5w000001aMOxEAM","0055w00000CM4vxAAD","","Standard Loan Credit Memo","2020-05-14T11:36:46.000Z","0055w00000CM4vxAAD","2020-05-14T11:36:46.000Z","0055w00000CM4vxAAD","","","","","","","true","true","42286465180298091"
"a2G5w000001aMOyEAM","0055w00000CM4vxAAD","","Commercial Credit Memo","2020-05-14T11:36:46.000Z","0055w00000CM4vxAAD","2020-05-14T11:36:46.000Z","0055w00000CM4vxAAD","","","","","","","true","true","a035w000011D9SYAA0"
"a2G5w000001aMOzEAM","0055w00000CM4vxAAD","","Standard Loan Credit Memo","2020-05-14T11:36:46.000Z","0055w00000CM4vxAAD","2020-05-14T11:36:46.000Z","0055w00000CM4vxAAD","","","","","","","true","true","a035w000011D9SZAA0"
"a2G5w000001aMP0EAM","0055w00000CM4vxAAD","","Standard Product Package Credit Memo","2020-05-14T11:36:46.000Z","0055w00000CM4vxAAD","2020-05-14T11:36:46.000Z","0055w00000CM4vxAAD","","","","","","","true","true","a035w000011D9SdAAK"
"a2G5w000001aMP1EAM","0055w00000CM4vxAAD","","Standard Review Credit Memo (Account)","2020-05-14T11:36:46.000Z","0055w00000CM4vxAAD","2020-05-14T11:36:46.000Z","0055w00000CM4vxAAD","","","","","","","true","true","a035w000011D9SeAAK"
"a2G5w000001aMP2EAM","0055w00000CM4vxAAD","","Standard Loan Commercial Credit Memo","2020-05-14T11:36:46.000Z","0055w00000CM4vxAAD","2020-05-14T11:36:46.000Z","0055w00000CM4vxAAD","","","","","","","true","true","a035w000011D9ScAAK"
"a2G5w000001aMP3EAM","0055w00000CM4vxAAD","","Standard Loan Commercial Credit Memo","2020-05-14T11:36:46.000Z","0055w00000CM4vxAAD","2020-05-14T11:36:46.000Z","0055w00000CM4vxAAD","","","","","","","true","true","a035w000011D9SbAAK"
"a2G5w000001aMP4EAM","0055w00000CM4vxAAD","","Standard Product Package Commercial Credit Memo","2020-05-14T11:36:46.000Z","0055w00000CM4vxAAD","2020-05-14T11:36:46.000Z","0055w00000CM4vxAAD","","","","","","","true","true","42512714037884785"
"a2G5w000001aMP5EAM","0055w00000CM4vxAAD","","Standard Loan Commercial Credit Memo","2020-05-14T11:36:46.000Z","0055w00000CM4vxAAD","2020-05-14T11:36:46.000Z","0055w00000CM4vxAAD","","","","","","","true","true","a035w000011D9SaAAK"
"a2G5w000001aMP6EAM","0055w00000CM4vxAAD","","Standard Review Credit Memo (Product Package)","2020-05-14T11:36:46.000Z","0055w00000CM4vxAAD","2020-05-14T11:36:46.000Z","0055w00000CM4vxAAD","","","","","","","true","true","a2G5w000001aMP6"
"a2G5w000001aMP7EAM","0055w00000CM4vxAAD","","Standard Product Package Credit Memo","2020-05-14T11:36:46.000Z","0055w00000CM4vxAAD","2020-05-14T11:36:46.000Z","0055w00000CM4vxAAD","","","","","","","true","true","42413872987117928"
"a2G5w000001aMP8EAM","0055w00000CM4vxAAD","","Standard Loan Credit Memo","2020-05-14T11:36:46.000Z","0055w00000CM4vxAAD","2020-05-14T11:36:46.000Z","0055w00000CM4vxAAD","","","","","","","true","true","42782339984939334"
"a2G5w000001aMP9EAM","0055w00000CM4vxAAD","","Standard Loan Credit Memo","2020-05-14T11:36:46.000Z","0055w00000CM4vxAAD","2020-05-14T11:36:46.000Z","0055w00000CM4vxAAD","","","","","","","true","true","42143688452125768"
"a2G5w000001aMPAEA2","0055w00000CM4vxAAD","","Standard Loan Credit Memo","2020-05-14T11:36:46.000Z","0055w00000CM4vxAAD","2020-05-14T11:36:46.000Z","0055w00000CM4vxAAD","","","","","","","true","true","42922771813354167"
"a2G5w000001aMPBEA2","0055w00000CM4vxAAD","","Product Package Credit Memo","2020-05-14T11:36:46.000Z","0055w00000CM4vxAAD","2020-05-14T11:36:46.000Z","0055w00000CM4vxAAD","","","","","","","false","true","42008465323753156"
"a2G5w000001aMPCEA2","0055w00000CM4vxAAD","","Product Package Credit Memo","2020-05-14T11:36:46.000Z","0055w00000CM4vxAAD","2020-05-14T11:36:46.000Z","0055w00000CM4vxAAD","","","","","","","false","true","42585795068864816"
"a2G5w000001aMPDEA2","0055w00000CM4vxAAD","","Product Package Credit Memo","2020-05-14T11:36:46.000Z","0055w00000CM4vxAAD","2020-05-14T11:36:46.000Z","0055w00000CM4vxAAD","","","","","","","false","true","42145159210960408"
"a2G5w000001aMPEEA2","0055w00000CM4vxAAD","","Standard Product Package Credit Memo","2020-05-14T11:36:46.000Z","0055w00000CM4vxAAD","2020-05-14T11:36:46.000Z","0055w00000CM4vxAAD","","","","","","","true","true","42581514825086265"
"a2G5w000001aMPFEA2","0055w00000CM4vxAAD","","Standard Product Package Credit Memo","2020-05-14T11:36:46.000Z","0055w00000CM4vxAAD","2020-05-14T11:36:46.000Z","0055w00000CM4vxAAD","","","","","","","true","true","42149563977299052"
"a2G5w000001aMPGEA2","0055w00000CM4vxAAD","","Standard Product Package Credit Memo","2020-05-14T11:36:46.000Z","0055w00000CM4vxAAD","2020-05-14T11:36:46.000Z","0055w00000CM4vxAAD","","","","","","","true","true","42171814193357772"
"a2G5w000001aMPHEA2","0055w00000CM4vxAAD","","Standard Loan Credit Memo","2020-05-14T11:36:46.000Z","0055w00000CM4vxAAD","2020-05-14T11:36:46.000Z","0055w00000CM4vxAAD","","","","","","","true","true","42131524291977109"
