"Id","OwnerId","IsDeleted","Name","CreatedDate","CreatedById","LastModifiedDate","LastModifiedById","SystemModstamp","ConnectionReceivedId","ConnectionSentId","nFORCE__Order__c","nFORCE__Screen_Section__c","nFORCE__Screen__c","nFORCE__Type__c","nFORCE__lookupKey__c"
"a3v5w000004LkFCAA0","0055w00000CM4vxAAD","","a3v5w000004LkFC","2020-05-14T11:36:46.000Z","0055w00000CM4vxAAD","2020-05-14T11:36:46.000Z","0055w00000CM4vxAAD","","","","0.0","a2F5w000000NHA6EAO","a2G5w000001aMTbEAM","","a3v5w000004LkFCAA0"
"a3v5w000004LkFDAA0","0055w00000CM4vxAAD","","a3v5w000004LkFD","2020-05-14T11:36:46.000Z","0055w00000CM4vxAAD","2020-05-14T11:36:46.000Z","0055w00000CM4vxAAD","","","","1.0","a2F5w000000NHA7EAO","a2G5w000001aMTbEAM","","a3v5w000004LkFDAA0"
"a3v5w000004LkFEAA0","0055w00000CM4vxAAD","","a3v5w000004LkFE","2020-05-14T11:36:46.000Z","0055w00000CM4vxAAD","2020-05-14T11:36:46.000Z","0055w00000CM4vxAAD","","","","2.0","a2F5w000000NHA5EAO","a2G5w000001aMTbEAM","","a3v5w000004LkFEAA0"
"a3v5w000004LkFFAA0","0055w00000CM4vxAAD","","a3v5w000004LkFF","2020-05-14T11:36:46.000Z","0055w00000CM4vxAAD","2020-05-14T11:36:46.000Z","0055w00000CM4vxAAD","","","","3.0","a2F5w000000NHA4EAO","a2G5w000001aMTbEAM","","a3v5w000004LkFFAA0"
"a3v5w000004LkFGAA0","0055w00000CM4vxAAD","","a3v5w000004LkFG","2020-05-14T11:36:46.000Z","0055w00000CM4vxAAD","2020-05-14T11:36:46.000Z","0055w00000CM4vxAAD","","","","4.0","a2F5w000000NHA2EAO","a2G5w000001aMTbEAM","","a3v5w000004LkFGAA0"
"a3v5w000004LkFHAA0","0055w00000CM4vxAAD","","a3v5w000004LkFH","2020-05-14T11:36:46.000Z","0055w00000CM4vxAAD","2020-05-14T11:36:46.000Z","0055w00000CM4vxAAD","","","","5.0","a2F5w000000NHA3EAO","a2G5w000001aMTbEAM","","a3v5w000004LkFHAA0"
"a3v5w000004LkFIAA0","0055w00000CM4vxAAD","","a3v5w000004LkFI","2020-05-14T11:36:46.000Z","0055w00000CM4vxAAD","2020-05-14T11:36:46.000Z","0055w00000CM4vxAAD","","","","6.0","a2F5w000000NHA9EAO","a2G5w000001aMTbEAM","","a3v5w000004LkFIAA0"
"a3v5w000004LkFJAA0","0055w00000CM4vxAAD","","a3v5w000004LkFJ","2020-05-14T11:36:46.000Z","0055w00000CM4vxAAD","2020-05-14T11:36:46.000Z","0055w00000CM4vxAAD","","","","7.0","a2F5w000000NHABEA4","a2G5w000001aMTbEAM","","a3v5w000004LkFJAA0"
"a3v5w000004LkFKAA0","0055w00000CM4vxAAD","","a3v5w000004LkFK","2020-05-14T11:36:46.000Z","0055w00000CM4vxAAD","2020-05-14T11:36:46.000Z","0055w00000CM4vxAAD","","","","8.0","a2F5w000000NHAAEA4","a2G5w000001aMTbEAM","","a3v5w000004LkFKAA0"
"a3v5w000004LkFLAA0","0055w00000CM4vxAAD","","a3v5w000004LkFL","2020-05-14T11:36:46.000Z","0055w00000CM4vxAAD","2020-05-14T11:36:46.000Z","0055w00000CM4vxAAD","","","","9.0","a2F5w000000NHACEA4","a2G5w000001aMTbEAM","","a3v5w000004LkFLAA0"
"a3v5w000004LkFMAA0","0055w00000CM4vxAAD","","a3v5w000004LkFM","2020-05-14T11:36:46.000Z","0055w00000CM4vxAAD","2020-05-14T11:36:46.000Z","0055w00000CM4vxAAD","","","","10.0","a2F5w000000NHA1EAO","a2G5w000001aMTbEAM","","a3v5w000004LkFMAA0"
"a3v5w000004LkFNAA0","0055w00000CM4vxAAD","","a3v5w000004LkFN","2020-05-14T11:36:46.000Z","0055w00000CM4vxAAD","2020-05-14T11:36:46.000Z","0055w00000CM4vxAAD","","","","11.0","a2F5w000000NHA8EAO","a2G5w000001aMTbEAM","","a3v5w000004LkFNAA0"
"a3v5w000004LkFOAA0","0055w00000CM4vxAAD","","a3v5w000004LkFO","2020-05-14T11:36:46.000Z","0055w00000CM4vxAAD","2020-05-14T11:36:46.000Z","0055w00000CM4vxAAD","","","","12.0","a2F5w000000NHADEA4","a2G5w000001aMTbEAM","","a3v5w000004LkFOAA0"
"a3v5w000004LkFPAA0","0055w00000CM4vxAAD","","a3v5w000004LkFP","2020-05-14T11:36:46.000Z","0055w00000CM4vxAAD","2020-05-14T11:36:46.000Z","0055w00000CM4vxAAD","","","","13.0","a2F5w000000NHAEEA4","a2G5w000001aMTbEAM","","a3v5w000004LkFPAA0"
"a3v5w000004LkFQAA0","0055w00000CM4vxAAD","","a3v5w000004LkFQ","2020-05-14T11:36:46.000Z","0055w00000CM4vxAAD","2020-05-14T11:36:46.000Z","0055w00000CM4vxAAD","","","","14.0","a2F5w000000NHAFEA4","a2G5w000001aMTbEAM","","a3v5w000004LkFQAA0"
"a3v5w000004LkFRAA0","0055w00000CM4vxAAD","","a3v5w000004LkFR","2020-05-14T11:36:46.000Z","0055w00000CM4vxAAD","2020-05-14T11:36:46.000Z","0055w00000CM4vxAAD","","","","15.0","a2F5w000000NHAGEA4","a2G5w000001aMTbEAM","","a3v5w000004LkFRAA0"
"a3v5w000004LkFSAA0","0055w00000CM4vxAAD","","a3v5w000004LkFS","2020-05-14T11:36:46.000Z","0055w00000CM4vxAAD","2020-05-14T11:36:46.000Z","0055w00000CM4vxAAD","","","","16.0","a2F5w000000NHAHEA4","a2G5w000001aMTbEAM","","a3v5w000004LkFSAA0"
"a3v5w000004LkFTAA0","0055w00000CM4vxAAD","","a3v5w000004LkFT","2020-05-14T11:36:46.000Z","0055w00000CM4vxAAD","2020-05-14T11:36:46.000Z","0055w00000CM4vxAAD","","","","17.0","a2F5w000000NHAIEA4","a2G5w000001aMTbEAM","","a3v5w000004LkFTAA0"
"a3v5w000004LkFUAA0","0055w00000CM4vxAAD","","a3v5w000004LkFU","2020-05-14T11:36:46.000Z","0055w00000CM4vxAAD","2020-05-14T11:36:46.000Z","0055w00000CM4vxAAD","","","","18.0","a2F5w000000NHAJEA4","a2G5w000001aMTbEAM","","a3v5w000004LkFUAA0"
"a3v5w000004LkFVAA0","0055w00000CM4vxAAD","","a3v5w000004LkFV","2020-05-14T11:36:46.000Z","0055w00000CM4vxAAD","2020-05-14T11:36:46.000Z","0055w00000CM4vxAAD","","","","0.0","a2F5w000000NHA6EAO","a2G5w000001aMTcEAM","","a3v5w000004LkFVAA0"
"a3v5w000004LkFWAA0","0055w00000CM4vxAAD","","a3v5w000004LkFW","2020-05-14T11:36:46.000Z","0055w00000CM4vxAAD","2020-05-14T11:36:46.000Z","0055w00000CM4vxAAD","","","","1.0","a2F5w000000NHA7EAO","a2G5w000001aMTcEAM","","a3v5w000004LkFWAA0"
"a3v5w000004LkFXAA0","0055w00000CM4vxAAD","","a3v5w000004LkFX","2020-05-14T11:36:46.000Z","0055w00000CM4vxAAD","2020-05-14T11:36:46.000Z","0055w00000CM4vxAAD","","","","2.0","a2F5w000000NHA5EAO","a2G5w000001aMTcEAM","","a3v5w000004LkFXAA0"
"a3v5w000004LkFYAA0","0055w00000CM4vxAAD","","a3v5w000004LkFY","2020-05-14T11:36:46.000Z","0055w00000CM4vxAAD","2020-05-14T11:36:46.000Z","0055w00000CM4vxAAD","","","","3.0","a2F5w000000NHA4EAO","a2G5w000001aMTcEAM","","a3v5w000004LkFYAA0"
"a3v5w000004LkFZAA0","0055w00000CM4vxAAD","","a3v5w000004LkFZ","2020-05-14T11:36:46.000Z","0055w00000CM4vxAAD","2020-05-14T11:36:46.000Z","0055w00000CM4vxAAD","","","","4.0","a2F5w000000NHA2EAO","a2G5w000001aMTcEAM","","a3v5w000004LkFZAA0"
"a3v5w000004LkFaAAK","0055w00000CM4vxAAD","","a3v5w000004LkFa","2020-05-14T11:36:46.000Z","0055w00000CM4vxAAD","2020-05-14T11:36:46.000Z","0055w00000CM4vxAAD","","","","5.0","a2F5w000000NHA3EAO","a2G5w000001aMTcEAM","","a3v5w000004LkFaAAK"
"a3v5w000004LkFbAAK","0055w00000CM4vxAAD","","a3v5w000004LkFb","2020-05-14T11:36:46.000Z","0055w00000CM4vxAAD","2020-05-14T11:36:46.000Z","0055w00000CM4vxAAD","","","","6.0","a2F5w000000NHA9EAO","a2G5w000001aMTcEAM","","a3v5w000004LkFbAAK"
"a3v5w000004LkFcAAK","0055w00000CM4vxAAD","","a3v5w000004LkFc","2020-05-14T11:36:46.000Z","0055w00000CM4vxAAD","2020-05-14T11:36:46.000Z","0055w00000CM4vxAAD","","","","7.0","a2F5w000000NHABEA4","a2G5w000001aMTcEAM","","a3v5w000004LkFcAAK"
"a3v5w000004LkFdAAK","0055w00000CM4vxAAD","","a3v5w000004LkFd","2020-05-14T11:36:46.000Z","0055w00000CM4vxAAD","2020-05-14T11:36:46.000Z","0055w00000CM4vxAAD","","","","8.0","a2F5w000000NHAAEA4","a2G5w000001aMTcEAM","","a3v5w000004LkFdAAK"
"a3v5w000004LkFeAAK","0055w00000CM4vxAAD","","a3v5w000004LkFe","2020-05-14T11:36:46.000Z","0055w00000CM4vxAAD","2020-05-14T11:36:46.000Z","0055w00000CM4vxAAD","","","","9.0","a2F5w000000NHACEA4","a2G5w000001aMTcEAM","","a3v5w000004LkFeAAK"
"a3v5w000004LkFfAAK","0055w00000CM4vxAAD","","a3v5w000004LkFf","2020-05-14T11:36:46.000Z","0055w00000CM4vxAAD","2020-05-14T11:36:46.000Z","0055w00000CM4vxAAD","","","","10.0","a2F5w000000NHA1EAO","a2G5w000001aMTcEAM","","a3v5w000004LkFfAAK"
"a3v5w000004LkFgAAK","0055w00000CM4vxAAD","","a3v5w000004LkFg","2020-05-14T11:36:46.000Z","0055w00000CM4vxAAD","2020-05-14T11:36:46.000Z","0055w00000CM4vxAAD","","","","11.0","a2F5w000000NHA8EAO","a2G5w000001aMTcEAM","","a3v5w000004LkFgAAK"
"a3v5w000004LkFhAAK","0055w00000CM4vxAAD","","a3v5w000004LkFh","2020-05-14T11:36:46.000Z","0055w00000CM4vxAAD","2020-05-14T11:36:46.000Z","0055w00000CM4vxAAD","","","","12.0","a2F5w000000NHADEA4","a2G5w000001aMTcEAM","","a3v5w000004LkFhAAK"
"a3v5w000004LkGEAA0","0055w00000CM4vxAAD","","a3v5w000004LkGE","2020-05-14T11:36:46.000Z","0055w00000CM4vxAAD","2020-05-14T11:36:46.000Z","0055w00000CM4vxAAD","","","","0.0","a2F5w000000NHA6EAO","a2G5w000001aMTfEAM","","a3v5w000004LkGEAA0"
"a3v5w000004LkGFAA0","0055w00000CM4vxAAD","","a3v5w000004LkGF","2020-05-14T11:36:46.000Z","0055w00000CM4vxAAD","2020-05-14T11:36:46.000Z","0055w00000CM4vxAAD","","","","1.0","a2F5w000000NHA7EAO","a2G5w000001aMTfEAM","","a3v5w000004LkGFAA0"
"a3v5w000004LkGGAA0","0055w00000CM4vxAAD","","a3v5w000004LkGG","2020-05-14T11:36:46.000Z","0055w00000CM4vxAAD","2020-05-14T11:36:46.000Z","0055w00000CM4vxAAD","","","","2.0","a2F5w000000NHA5EAO","a2G5w000001aMTfEAM","","a3v5w000004LkGGAA0"
"a3v5w000004LkGHAA0","0055w00000CM4vxAAD","","a3v5w000004LkGH","2020-05-14T11:36:46.000Z","0055w00000CM4vxAAD","2020-05-14T11:36:46.000Z","0055w00000CM4vxAAD","","","","3.0","a2F5w000000NHA4EAO","a2G5w000001aMTfEAM","","a3v5w000004LkGHAA0"
"a3v5w000004LkGIAA0","0055w00000CM4vxAAD","","a3v5w000004LkGI","2020-05-14T11:36:46.000Z","0055w00000CM4vxAAD","2020-05-14T11:36:46.000Z","0055w00000CM4vxAAD","","","","4.0","a2F5w000000NHA2EAO","a2G5w000001aMTfEAM","","a3v5w000004LkGIAA0"
"a3v5w000004LkGJAA0","0055w00000CM4vxAAD","","a3v5w000004LkGJ","2020-05-14T11:36:46.000Z","0055w00000CM4vxAAD","2020-05-14T11:36:46.000Z","0055w00000CM4vxAAD","","","","5.0","a2F5w000000NHA3EAO","a2G5w000001aMTfEAM","","a3v5w000004LkGJAA0"
"a3v5w000004LkGKAA0","0055w00000CM4vxAAD","","a3v5w000004LkGK","2020-05-14T11:36:46.000Z","0055w00000CM4vxAAD","2020-05-14T11:36:46.000Z","0055w00000CM4vxAAD","","","","6.0","a2F5w000000NHA9EAO","a2G5w000001aMTfEAM","","a3v5w000004LkGKAA0"
"a3v5w000004LkGLAA0","0055w00000CM4vxAAD","","a3v5w000004LkGL","2020-05-14T11:36:46.000Z","0055w00000CM4vxAAD","2020-05-14T11:36:46.000Z","0055w00000CM4vxAAD","","","","7.0","a2F5w000000NHABEA4","a2G5w000001aMTfEAM","","a3v5w000004LkGLAA0"
"a3v5w000004LkGMAA0","0055w00000CM4vxAAD","","a3v5w000004LkGM","2020-05-14T11:36:46.000Z","0055w00000CM4vxAAD","2020-05-14T11:36:46.000Z","0055w00000CM4vxAAD","","","","8.0","a2F5w000000NHAWEA4","a2G5w000001aMTfEAM","","a3v5w000004LkGMAA0"
"a3v5w000004LkGNAA0","0055w00000CM4vxAAD","","a3v5w000004LkGN","2020-05-14T11:36:46.000Z","0055w00000CM4vxAAD","2020-05-14T11:36:46.000Z","0055w00000CM4vxAAD","","","","9.0","a2F5w000000NHAAEA4","a2G5w000001aMTfEAM","","a3v5w000004LkGNAA0"
"a3v5w000004LkGOAA0","0055w00000CM4vxAAD","","a3v5w000004LkGO","2020-05-14T11:36:46.000Z","0055w00000CM4vxAAD","2020-05-14T11:36:46.000Z","0055w00000CM4vxAAD","","","","10.0","a2F5w000000NHACEA4","a2G5w000001aMTfEAM","","a3v5w000004LkGOAA0"
"a3v5w000004LkGPAA0","0055w00000CM4vxAAD","","a3v5w000004LkGP","2020-05-14T11:36:46.000Z","0055w00000CM4vxAAD","2020-05-14T11:36:46.000Z","0055w00000CM4vxAAD","","","","11.0","a2F5w000000NHA1EAO","a2G5w000001aMTfEAM","","a3v5w000004LkGPAA0"
"a3v5w000004LkGQAA0","0055w00000CM4vxAAD","","a3v5w000004LkGQ","2020-05-14T11:36:46.000Z","0055w00000CM4vxAAD","2020-05-14T11:36:46.000Z","0055w00000CM4vxAAD","","","","12.0","a2F5w000000NHA8EAO","a2G5w000001aMTfEAM","","a3v5w000004LkGQAA0"
"a3v5w000004LkGRAA0","0055w00000CM4vxAAD","","a3v5w000004LkGR","2020-05-14T11:36:46.000Z","0055w00000CM4vxAAD","2020-05-14T11:36:46.000Z","0055w00000CM4vxAAD","","","","13.0","a2F5w000000NHAVEA4","a2G5w000001aMTfEAM","","a3v5w000004LkGRAA0"
"a3v5w000004LkGSAA0","0055w00000CM4vxAAD","","a3v5w000004LkGS","2020-05-14T11:36:46.000Z","0055w00000CM4vxAAD","2020-05-14T11:36:46.000Z","0055w00000CM4vxAAD","","","","14.0","a2F5w000000NHAXEA4","a2G5w000001aMTfEAM","","a3v5w000004LkGSAA0"
"a3v5w000004LkGTAA0","0055w00000CM4vxAAD","","a3v5w000004LkGT","2020-05-14T11:36:46.000Z","0055w00000CM4vxAAD","2020-05-14T11:36:46.000Z","0055w00000CM4vxAAD","","","","15.0","a2F5w000000NHAEEA4","a2G5w000001aMTfEAM","","a3v5w000004LkGTAA0"
"a3v5w000004LkGUAA0","0055w00000CM4vxAAD","","a3v5w000004LkGU","2020-05-14T11:36:46.000Z","0055w00000CM4vxAAD","2020-05-14T11:36:46.000Z","0055w00000CM4vxAAD","","","","16.0","a2F5w000000NHAFEA4","a2G5w000001aMTfEAM","","a3v5w000004LkGUAA0"
"a3v5w000004LkGVAA0","0055w00000CM4vxAAD","","a3v5w000004LkGV","2020-05-14T11:36:46.000Z","0055w00000CM4vxAAD","2020-05-14T11:36:46.000Z","0055w00000CM4vxAAD","","","","17.0","a2F5w000000NHAGEA4","a2G5w000001aMTfEAM","","a3v5w000004LkGVAA0"
"a3v5w000004LkGWAA0","0055w00000CM4vxAAD","","a3v5w000004LkGW","2020-05-14T11:36:46.000Z","0055w00000CM4vxAAD","2020-05-14T11:36:46.000Z","0055w00000CM4vxAAD","","","","18.0","a2F5w000000NHAHEA4","a2G5w000001aMTfEAM","","a3v5w000004LkGWAA0"
"a3v5w000004LkGXAA0","0055w00000CM4vxAAD","","a3v5w000004LkGX","2020-05-14T11:36:46.000Z","0055w00000CM4vxAAD","2020-05-14T11:36:46.000Z","0055w00000CM4vxAAD","","","","19.0","a2F5w000000NHAIEA4","a2G5w000001aMTfEAM","","a3v5w000004LkGXAA0"
"a3v5w000004LkGYAA0","0055w00000CM4vxAAD","","a3v5w000004LkGY","2020-05-14T11:36:46.000Z","0055w00000CM4vxAAD","2020-05-14T11:36:46.000Z","0055w00000CM4vxAAD","","","","20.0","a2F5w000000NHAJEA4","a2G5w000001aMTfEAM","","a3v5w000004LkGYAA0"
"a3v5w000004LkGZAA0","0055w00000CM4vxAAD","","a3v5w000004LkGZ","2020-05-14T11:36:46.000Z","0055w00000CM4vxAAD","2020-05-14T11:36:46.000Z","0055w00000CM4vxAAD","","","","21.0","a2F5w000000NHAYEA4","a2G5w000001aMTfEAM","","a3v5w000004LkGZAA0"
"a3v5w000004LkGaAAK","0055w00000CM4vxAAD","","a3v5w000004LkGa","2020-05-14T11:36:46.000Z","0055w00000CM4vxAAD","2020-05-14T11:36:46.000Z","0055w00000CM4vxAAD","","","","0.0","a2F5w000000NHAeEAO","a2G5w000001aMTgEAM","","a3v5w000004LkGaAAK"
"a3v5w000004LkGbAAK","0055w00000CM4vxAAD","","a3v5w000004LkGb","2020-05-14T11:36:46.000Z","0055w00000CM4vxAAD","2020-05-14T11:36:46.000Z","0055w00000CM4vxAAD","","","","0.0","a2F5w000000NHAeEAO","a2G5w000001aMThEAM","","a3v5w000004LkGbAAK"
"a3v5w000004LkGcAAK","0055w00000CM4vxAAD","","a3v5w000004LkGc","2020-05-14T11:36:46.000Z","0055w00000CM4vxAAD","2020-05-14T11:36:46.000Z","0055w00000CM4vxAAD","","","","0.0","a2F5w000000NHAeEAO","a2G5w000001aMTiEAM","","a3v5w000004LkGcAAK"
"a3v5w000004LkGdAAK","0055w00000CM4vxAAD","","a3v5w000004LkGd","2020-05-14T11:36:46.000Z","0055w00000CM4vxAAD","2020-05-14T11:36:46.000Z","0055w00000CM4vxAAD","","","","1.0","a2F5w000000NHAfEAO","a2G5w000001aMTgEAM","","a3v5w000004LkGdAAK"
"a3v5w000004LkGeAAK","0055w00000CM4vxAAD","","a3v5w000004LkGe","2020-05-14T11:36:46.000Z","0055w00000CM4vxAAD","2020-05-14T11:36:46.000Z","0055w00000CM4vxAAD","","","","1.0","a2F5w000000NHAfEAO","a2G5w000001aMThEAM","","a3v5w000004LkGeAAK"
"a3v5w000004LkGfAAK","0055w00000CM4vxAAD","","a3v5w000004LkGf","2020-05-14T11:36:46.000Z","0055w00000CM4vxAAD","2020-05-14T11:36:46.000Z","0055w00000CM4vxAAD","","","","1.0","a2F5w000000NHAfEAO","a2G5w000001aMTiEAM","","a3v5w000004LkGfAAK"
"a3v5w000004LkGgAAK","0055w00000CM4vxAAD","","a3v5w000004LkGg","2020-05-14T11:36:46.000Z","0055w00000CM4vxAAD","2020-05-14T11:36:46.000Z","0055w00000CM4vxAAD","","","","2.0","a2F5w000000NHAdEAO","a2G5w000001aMTgEAM","","a3v5w000004LkGgAAK"
"a3v5w000004LkGhAAK","0055w00000CM4vxAAD","","a3v5w000004LkGh","2020-05-14T11:36:46.000Z","0055w00000CM4vxAAD","2020-05-14T11:36:46.000Z","0055w00000CM4vxAAD","","","","2.0","a2F5w000000NHAdEAO","a2G5w000001aMThEAM","","a3v5w000004LkGhAAK"
"a3v5w000004LkGiAAK","0055w00000CM4vxAAD","","a3v5w000004LkGi","2020-05-14T11:36:46.000Z","0055w00000CM4vxAAD","2020-05-14T11:36:46.000Z","0055w00000CM4vxAAD","","","","2.0","a2F5w000000NHAdEAO","a2G5w000001aMTiEAM","","a3v5w000004LkGiAAK"
"a3v5w000004LkGjAAK","0055w00000CM4vxAAD","","a3v5w000004LkGj","2020-05-14T11:36:46.000Z","0055w00000CM4vxAAD","2020-05-14T11:36:46.000Z","0055w00000CM4vxAAD","","","","3.0","a2F5w000000NHAcEAO","a2G5w000001aMTgEAM","","a3v5w000004LkGjAAK"
"a3v5w000004LkGkAAK","0055w00000CM4vxAAD","","a3v5w000004LkGk","2020-05-14T11:36:46.000Z","0055w00000CM4vxAAD","2020-05-14T11:36:46.000Z","0055w00000CM4vxAAD","","","","3.0","a2F5w000000NHAcEAO","a2G5w000001aMThEAM","","a3v5w000004LkGkAAK"
"a3v5w000004LkGlAAK","0055w00000CM4vxAAD","","a3v5w000004LkGl","2020-05-14T11:36:46.000Z","0055w00000CM4vxAAD","2020-05-14T11:36:46.000Z","0055w00000CM4vxAAD","","","","3.0","a2F5w000000NHAcEAO","a2G5w000001aMTiEAM","","a3v5w000004LkGlAAK"
"a3v5w000004LkGmAAK","0055w00000CM4vxAAD","","a3v5w000004LkGm","2020-05-14T11:36:46.000Z","0055w00000CM4vxAAD","2020-05-14T11:36:46.000Z","0055w00000CM4vxAAD","","","","4.0","a2F5w000000NHAaEAO","a2G5w000001aMTgEAM","","a3v5w000004LkGmAAK"
"a3v5w000004LkGnAAK","0055w00000CM4vxAAD","","a3v5w000004LkGn","2020-05-14T11:36:46.000Z","0055w00000CM4vxAAD","2020-05-14T11:36:46.000Z","0055w00000CM4vxAAD","","","","4.0","a2F5w000000NHAaEAO","a2G5w000001aMThEAM","","a3v5w000004LkGnAAK"
"a3v5w000004LkGoAAK","0055w00000CM4vxAAD","","a3v5w000004LkGo","2020-05-14T11:36:46.000Z","0055w00000CM4vxAAD","2020-05-14T11:36:46.000Z","0055w00000CM4vxAAD","","","","4.0","a2F5w000000NHAaEAO","a2G5w000001aMTiEAM","","a3v5w000004LkGoAAK"
"a3v5w000004LkGpAAK","0055w00000CM4vxAAD","","a3v5w000004LkGp","2020-05-14T11:36:46.000Z","0055w00000CM4vxAAD","2020-05-14T11:36:46.000Z","0055w00000CM4vxAAD","","","","5.0","a2F5w000000NHAbEAO","a2G5w000001aMTgEAM","","a3v5w000004LkGpAAK"
"a3v5w000004LkGqAAK","0055w00000CM4vxAAD","","a3v5w000004LkGq","2020-05-14T11:36:46.000Z","0055w00000CM4vxAAD","2020-05-14T11:36:46.000Z","0055w00000CM4vxAAD","","","","5.0","a2F5w000000NHAbEAO","a2G5w000001aMThEAM","","a3v5w000004LkGqAAK"
"a3v5w000004LkGrAAK","0055w00000CM4vxAAD","","a3v5w000004LkGr","2020-05-14T11:36:46.000Z","0055w00000CM4vxAAD","2020-05-14T11:36:46.000Z","0055w00000CM4vxAAD","","","","5.0","a2F5w000000NHAbEAO","a2G5w000001aMTiEAM","","a3v5w000004LkGrAAK"
"a3v5w000004LkGsAAK","0055w00000CM4vxAAD","","a3v5w000004LkGs","2020-05-14T11:36:46.000Z","0055w00000CM4vxAAD","2020-05-14T11:36:46.000Z","0055w00000CM4vxAAD","","","","6.0","a2F5w000000NHAhEAO","a2G5w000001aMTgEAM","","a3v5w000004LkGsAAK"
"a3v5w000004LkGtAAK","0055w00000CM4vxAAD","","a3v5w000004LkGt","2020-05-14T11:36:46.000Z","0055w00000CM4vxAAD","2020-05-14T11:36:46.000Z","0055w00000CM4vxAAD","","","","6.0","a2F5w000000NHAhEAO","a2G5w000001aMThEAM","","a3v5w000004LkGtAAK"
"a3v5w000004LkGuAAK","0055w00000CM4vxAAD","","a3v5w000004LkGu","2020-05-14T11:36:46.000Z","0055w00000CM4vxAAD","2020-05-14T11:36:46.000Z","0055w00000CM4vxAAD","","","","6.0","a2F5w000000NHAhEAO","a2G5w000001aMTiEAM","","a3v5w000004LkGuAAK"
"a3v5w000004LkGvAAK","0055w00000CM4vxAAD","","a3v5w000004LkGv","2020-05-14T11:36:46.000Z","0055w00000CM4vxAAD","2020-05-14T11:36:46.000Z","0055w00000CM4vxAAD","","","","7.0","a2F5w000000NHAjEAO","a2G5w000001aMTgEAM","","a3v5w000004LkGvAAK"
"a3v5w000004LkGwAAK","0055w00000CM4vxAAD","","a3v5w000004LkGw","2020-05-14T11:36:46.000Z","0055w00000CM4vxAAD","2020-05-14T11:36:46.000Z","0055w00000CM4vxAAD","","","","7.0","a2F5w000000NHAjEAO","a2G5w000001aMThEAM","","a3v5w000004LkGwAAK"
"a3v5w000004LkGxAAK","0055w00000CM4vxAAD","","a3v5w000004LkGx","2020-05-14T11:36:46.000Z","0055w00000CM4vxAAD","2020-05-14T11:36:46.000Z","0055w00000CM4vxAAD","","","","7.0","a2F5w000000NHAjEAO","a2G5w000001aMTiEAM","","a3v5w000004LkGxAAK"
"a3v5w000004LkGyAAK","0055w00000CM4vxAAD","","a3v5w000004LkGy","2020-05-14T11:36:46.000Z","0055w00000CM4vxAAD","2020-05-14T11:36:46.000Z","0055w00000CM4vxAAD","","","","8.0","a2F5w000000NHAtEAO","a2G5w000001aMTgEAM","","a3v5w000004LkGyAAK"
"a3v5w000004LkGzAAK","0055w00000CM4vxAAD","","a3v5w000004LkGz","2020-05-14T11:36:46.000Z","0055w00000CM4vxAAD","2020-05-14T11:36:46.000Z","0055w00000CM4vxAAD","","","","8.0","a2F5w000000NHAiEAO","a2G5w000001aMThEAM","","a3v5w000004LkGzAAK"
"a3v5w000004LkH0AAK","0055w00000CM4vxAAD","","a3v5w000004LkH0","2020-05-14T11:36:46.000Z","0055w00000CM4vxAAD","2020-05-14T11:36:46.000Z","0055w00000CM4vxAAD","","","","8.0","a2F5w000000NHAiEAO","a2G5w000001aMTiEAM","","a3v5w000004LkH0AAK"
"a3v5w000004LkH1AAK","0055w00000CM4vxAAD","","a3v5w000004LkH1","2020-05-14T11:36:46.000Z","0055w00000CM4vxAAD","2020-05-14T11:36:46.000Z","0055w00000CM4vxAAD","","","","9.0","a2F5w000000NHAiEAO","a2G5w000001aMTgEAM","","a3v5w000004LkH1AAK"
"a3v5w000004LkH2AAK","0055w00000CM4vxAAD","","a3v5w000004LkH2","2020-05-14T11:36:46.000Z","0055w00000CM4vxAAD","2020-05-14T11:36:46.000Z","0055w00000CM4vxAAD","","","","9.0","a2F5w000000NHAkEAO","a2G5w000001aMThEAM","","a3v5w000004LkH2AAK"
"a3v5w000004LkH3AAK","0055w00000CM4vxAAD","","a3v5w000004LkH3","2020-05-14T11:36:46.000Z","0055w00000CM4vxAAD","2020-05-14T11:36:46.000Z","0055w00000CM4vxAAD","","","","9.0","a2F5w000000NHAkEAO","a2G5w000001aMTiEAM","","a3v5w000004LkH3AAK"
"a3v5w000004LkH4AAK","0055w00000CM4vxAAD","","a3v5w000004LkH4","2020-05-14T11:36:46.000Z","0055w00000CM4vxAAD","2020-05-14T11:36:46.000Z","0055w00000CM4vxAAD","","","","10.0","a2F5w000000NHAkEAO","a2G5w000001aMTgEAM","","a3v5w000004LkH4AAK"
"a3v5w000004LkH5AAK","0055w00000CM4vxAAD","","a3v5w000004LkH5","2020-05-14T11:36:46.000Z","0055w00000CM4vxAAD","2020-05-14T11:36:46.000Z","0055w00000CM4vxAAD","","","","10.0","a2F5w000000NHAZEA4","a2G5w000001aMThEAM","","a3v5w000004LkH5AAK"
"a3v5w000004LkH6AAK","0055w00000CM4vxAAD","","a3v5w000004LkH6","2020-05-14T11:36:46.000Z","0055w00000CM4vxAAD","2020-05-14T11:36:46.000Z","0055w00000CM4vxAAD","","","","10.0","a2F5w000000NHAZEA4","a2G5w000001aMTiEAM","","a3v5w000004LkH6AAK"
"a3v5w000004LkH7AAK","0055w00000CM4vxAAD","","a3v5w000004LkH7","2020-05-14T11:36:46.000Z","0055w00000CM4vxAAD","2020-05-14T11:36:46.000Z","0055w00000CM4vxAAD","","","","11.0","a2F5w000000NHAZEA4","a2G5w000001aMTgEAM","","a3v5w000004LkH7AAK"
"a3v5w000004LkH8AAK","0055w00000CM4vxAAD","","a3v5w000004LkH8","2020-05-14T11:36:46.000Z","0055w00000CM4vxAAD","2020-05-14T11:36:46.000Z","0055w00000CM4vxAAD","","","","11.0","a2F5w000000NHAgEAO","a2G5w000001aMThEAM","","a3v5w000004LkH8AAK"
"a3v5w000004LkH9AAK","0055w00000CM4vxAAD","","a3v5w000004LkH9","2020-05-14T11:36:46.000Z","0055w00000CM4vxAAD","2020-05-14T11:36:46.000Z","0055w00000CM4vxAAD","","","","11.0","a2F5w000000NHAgEAO","a2G5w000001aMTiEAM","","a3v5w000004LkH9AAK"
"a3v5w000004LkHAAA0","0055w00000CM4vxAAD","","a3v5w000004LkHA","2020-05-14T11:36:46.000Z","0055w00000CM4vxAAD","2020-05-14T11:36:46.000Z","0055w00000CM4vxAAD","","","","12.0","a2F5w000000NHAgEAO","a2G5w000001aMTgEAM","","a3v5w000004LkHAAA0"
"a3v5w000004LkHBAA0","0055w00000CM4vxAAD","","a3v5w000004LkHB","2020-05-14T11:36:46.000Z","0055w00000CM4vxAAD","2020-05-14T11:36:46.000Z","0055w00000CM4vxAAD","","","","12.0","a2F5w000000NHAlEAO","a2G5w000001aMThEAM","","a3v5w000004LkHBAA0"
"a3v5w000004LkHCAA0","0055w00000CM4vxAAD","","a3v5w000004LkHC","2020-05-14T11:36:46.000Z","0055w00000CM4vxAAD","2020-05-14T11:36:46.000Z","0055w00000CM4vxAAD","","","","12.0","a2F5w000000NHAlEAO","a2G5w000001aMTiEAM","","a3v5w000004LkHCAA0"
"a3v5w000004LkHDAA0","0055w00000CM4vxAAD","","a3v5w000004LkHD","2020-05-14T11:36:46.000Z","0055w00000CM4vxAAD","2020-05-14T11:36:46.000Z","0055w00000CM4vxAAD","","","","13.0","a2F5w000000NHAsEAO","a2G5w000001aMTgEAM","","a3v5w000004LkHDAA0"
"a3v5w000004LkHEAA0","0055w00000CM4vxAAD","","a3v5w000004LkHE","2020-05-14T11:36:46.000Z","0055w00000CM4vxAAD","2020-05-14T11:36:46.000Z","0055w00000CM4vxAAD","","","","13.0","a2F5w000000NHAmEAO","a2G5w000001aMThEAM","","a3v5w000004LkHEAA0"
"a3v5w000004LkHFAA0","0055w00000CM4vxAAD","","a3v5w000004LkHF","2020-05-14T11:36:46.000Z","0055w00000CM4vxAAD","2020-05-14T11:36:46.000Z","0055w00000CM4vxAAD","","","","14.0","a2F5w000000NHAuEAO","a2G5w000001aMTgEAM","","a3v5w000004LkHFAA0"
"a3v5w000004LkHGAA0","0055w00000CM4vxAAD","","a3v5w000004LkHG","2020-05-14T11:36:46.000Z","0055w00000CM4vxAAD","2020-05-14T11:36:46.000Z","0055w00000CM4vxAAD","","","","14.0","a2F5w000000NHAnEAO","a2G5w000001aMThEAM","","a3v5w000004LkHGAA0"
"a3v5w000004LkHHAA0","0055w00000CM4vxAAD","","a3v5w000004LkHH","2020-05-14T11:36:46.000Z","0055w00000CM4vxAAD","2020-05-14T11:36:46.000Z","0055w00000CM4vxAAD","","","","15.0","a2F5w000000NHAmEAO","a2G5w000001aMTgEAM","","a3v5w000004LkHHAA0"
"a3v5w000004LkHIAA0","0055w00000CM4vxAAD","","a3v5w000004LkHI","2020-05-14T11:36:46.000Z","0055w00000CM4vxAAD","2020-05-14T11:36:46.000Z","0055w00000CM4vxAAD","","","","15.0","a2F5w000000NHAoEAO","a2G5w000001aMThEAM","","a3v5w000004LkHIAA0"
"a3v5w000004LkHJAA0","0055w00000CM4vxAAD","","a3v5w000004LkHJ","2020-05-14T11:36:46.000Z","0055w00000CM4vxAAD","2020-05-14T11:36:46.000Z","0055w00000CM4vxAAD","","","","16.0","a2F5w000000NHAnEAO","a2G5w000001aMTgEAM","","a3v5w000004LkHJAA0"
"a3v5w000004LkHKAA0","0055w00000CM4vxAAD","","a3v5w000004LkHK","2020-05-14T11:36:46.000Z","0055w00000CM4vxAAD","2020-05-14T11:36:46.000Z","0055w00000CM4vxAAD","","","","16.0","a2F5w000000NHApEAO","a2G5w000001aMThEAM","","a3v5w000004LkHKAA0"
"a3v5w000004LkHLAA0","0055w00000CM4vxAAD","","a3v5w000004LkHL","2020-05-14T11:36:46.000Z","0055w00000CM4vxAAD","2020-05-14T11:36:46.000Z","0055w00000CM4vxAAD","","","","17.0","a2F5w000000NHAoEAO","a2G5w000001aMTgEAM","","a3v5w000004LkHLAA0"
"a3v5w000004LkHMAA0","0055w00000CM4vxAAD","","a3v5w000004LkHM","2020-05-14T11:36:46.000Z","0055w00000CM4vxAAD","2020-05-14T11:36:46.000Z","0055w00000CM4vxAAD","","","","17.0","a2F5w000000NHAqEAO","a2G5w000001aMThEAM","","a3v5w000004LkHMAA0"
"a3v5w000004LkHNAA0","0055w00000CM4vxAAD","","a3v5w000004LkHN","2020-05-14T11:36:46.000Z","0055w00000CM4vxAAD","2020-05-14T11:36:46.000Z","0055w00000CM4vxAAD","","","","18.0","a2F5w000000NHApEAO","a2G5w000001aMTgEAM","","a3v5w000004LkHNAA0"
"a3v5w000004LkHOAA0","0055w00000CM4vxAAD","","a3v5w000004LkHO","2020-05-14T11:36:46.000Z","0055w00000CM4vxAAD","2020-05-14T11:36:46.000Z","0055w00000CM4vxAAD","","","","18.0","a2F5w000000NHArEAO","a2G5w000001aMThEAM","","a3v5w000004LkHOAA0"
"a3v5w000004LkHPAA0","0055w00000CM4vxAAD","","a3v5w000004LkHP","2020-05-14T11:36:46.000Z","0055w00000CM4vxAAD","2020-05-14T11:36:46.000Z","0055w00000CM4vxAAD","","","","19.0","a2F5w000000NHAqEAO","a2G5w000001aMTgEAM","","a3v5w000004LkHPAA0"
"a3v5w000004LkHQAA0","0055w00000CM4vxAAD","","a3v5w000004LkHQ","2020-05-14T11:36:46.000Z","0055w00000CM4vxAAD","2020-05-14T11:36:46.000Z","0055w00000CM4vxAAD","","","","20.0","a2F5w000000NHArEAO","a2G5w000001aMTgEAM","","a3v5w000004LkHQAA0"
"a3v5w000004LkHRAA0","0055w00000CM4vxAAD","","a3v5w000004LkHR","2020-05-14T11:36:46.000Z","0055w00000CM4vxAAD","2020-05-14T11:36:46.000Z","0055w00000CM4vxAAD","","","","21.0","a2F5w000000NHAvEAO","a2G5w000001aMTgEAM","","a3v5w000004LkHRAA0"
