"Id","OwnerId","IsDeleted","Name","CreatedDate","CreatedById","LastModifiedDate","LastModifiedById","SystemModstamp","ConnectionReceivedId","ConnectionSentId","nFORCE__Generator_Class__c","nFORCE__lookupKey__c","nFORCE__Category__c","nFORCE__Layout_Description__c","nFORCE__Layout_Preview_Image__c","nFORCE__Visualforce_Page__c"
"a2C5w000003u1cmEAA","0055w00000CM4vxAAD","","a2C5w000003u1n3","2020-05-14T11:36:46.000Z","0055w00000CM4vxAAD","2020-05-14T11:36:46.000Z","0055w00000CM4vxAAD","","","","Html.Layouts.TwoColumnGrid","42382816286093292","","","",""
"a2C5w000003u1cnEAA","0055w00000CM4vxAAD","","a2C5w000003u1mr","2020-05-14T11:36:46.000Z","0055w00000CM4vxAAD","2020-05-14T11:36:46.000Z","0055w00000CM4vxAAD","","","","Html.Layouts.NoLayout","42969634741445195","","","",""
"a2C5w000003u1coEAA","0055w00000CM4vxAAD","","NoLayout","2020-05-14T11:36:46.000Z","0055w00000CM4vxAAD","2020-05-14T11:36:46.000Z","0055w00000CM4vxAAD","","","","Html.Layouts.NoLayout","42961209529442768","","","",""
"a2C5w000003u1cpEAA","0055w00000CM4vxAAD","","NoLayout","2020-05-14T11:36:46.000Z","0055w00000CM4vxAAD","2020-05-14T11:36:46.000Z","0055w00000CM4vxAAD","","","","Html.Layouts.NoLayout","42686564135532262","","","",""
"a2C5w000003u1cqEAA","0055w00000CM4vxAAD","","TwoColumnGrid","2020-05-14T11:36:46.000Z","0055w00000CM4vxAAD","2020-05-14T11:36:46.000Z","0055w00000CM4vxAAD","","","","Html.Layouts.TwoColumnGrid","42584384091658073","","","",""
"a2C5w000003u1crEAA","0055w00000CM4vxAAD","","TableLayout","2020-05-14T11:36:46.000Z","0055w00000CM4vxAAD","2020-05-14T11:36:46.000Z","0055w00000CM4vxAAD","","","","Html.Layouts.TableLayout","42240728322188717","","","",""
"a2C5w000003u1csEAA","0055w00000CM4vxAAD","","TableLayout","2020-05-14T11:36:46.000Z","0055w00000CM4vxAAD","2020-05-14T11:36:46.000Z","0055w00000CM4vxAAD","","","","Html.Layouts.TableLayout","42030604146182661","","","",""
"a2C5w000003u1ctEAA","0055w00000CM4vxAAD","","TableLayout","2020-05-14T11:36:46.000Z","0055w00000CM4vxAAD","2020-05-14T11:36:46.000Z","0055w00000CM4vxAAD","","","","Html.Layouts.TableLayout","42742320339139344","","","",""
"a2C5w000003u1cuEAA","0055w00000CM4vxAAD","","TableLayout","2020-05-14T11:36:46.000Z","0055w00000CM4vxAAD","2020-05-14T11:36:46.000Z","0055w00000CM4vxAAD","","","","Html.Layouts.TableLayout","42201747169124750","","","",""
"a2C5w000003u1cvEAA","0055w00000CM4vxAAD","","TableLayout","2020-05-14T11:36:46.000Z","0055w00000CM4vxAAD","2020-05-14T11:36:46.000Z","0055w00000CM4vxAAD","","","","Html.Layouts.TableLayout","42562905019139473","","","",""
"a2C5w000003u1cwEAA","0055w00000CM4vxAAD","","a2C5w000003u1ms","2020-05-14T11:36:46.000Z","0055w00000CM4vxAAD","2020-05-14T11:36:46.000Z","0055w00000CM4vxAAD","","","","Html.Layouts.NoLayout","42813742428244099","","","",""
"a2C5w000003u1cxEAA","0055w00000CM4vxAAD","","NoLayout","2020-05-14T11:36:46.000Z","0055w00000CM4vxAAD","2020-05-14T11:36:46.000Z","0055w00000CM4vxAAD","","","","Html.Layouts.NoLayout","42563442344644238","","","",""
"a2C5w000003u1cyEAA","0055w00000CM4vxAAD","","NoLayout","2020-05-14T11:36:46.000Z","0055w00000CM4vxAAD","2020-05-14T11:36:46.000Z","0055w00000CM4vxAAD","","","","Html.Layouts.NoLayout","42055374945504461","","","",""
"a2C5w000003u1czEAA","0055w00000CM4vxAAD","","SingleColumnGrid","2020-05-14T11:36:46.000Z","0055w00000CM4vxAAD","2020-05-14T11:36:46.000Z","0055w00000CM4vxAAD","","","","Html.Layouts.SingleColumnGrid","42969533582743707","","","",""
"a2C5w000003u1d0EAA","0055w00000CM4vxAAD","","NoLayout","2020-05-14T11:36:46.000Z","0055w00000CM4vxAAD","2020-05-14T11:36:46.000Z","0055w00000CM4vxAAD","","","","Html.Layouts.NoLayout","42414230816255497","","","",""
"a2C5w000003u1d1EAA","0055w00000CM4vxAAD","","TableLayout","2020-05-14T11:36:46.000Z","0055w00000CM4vxAAD","2020-05-14T11:36:46.000Z","0055w00000CM4vxAAD","","","","Html.Layouts.TableLayout","42236112479672364","","","",""
"a2C5w000003u1d2EAA","0055w00000CM4vxAAD","","NoLayout","2020-05-14T11:36:46.000Z","0055w00000CM4vxAAD","2020-05-14T11:36:46.000Z","0055w00000CM4vxAAD","","","","Html.Layouts.NoLayout","42042846729642072","","","",""
"a2C5w000003u1d3EAA","0055w00000CM4vxAAD","","TwoColumnGrid","2020-05-14T11:36:46.000Z","0055w00000CM4vxAAD","2020-05-14T11:36:46.000Z","0055w00000CM4vxAAD","","","","Html.Layouts.TwoColumnGrid","42672137502153612","","","",""
"a2C5w000003u1d4EAA","0055w00000CM4vxAAD","","NoLayout","2020-05-14T11:36:46.000Z","0055w00000CM4vxAAD","2020-05-14T11:36:46.000Z","0055w00000CM4vxAAD","","","","Html.Layouts.NoLayout","42266636092396611","","","",""
"a2C5w000003u1d5EAA","0055w00000CM4vxAAD","","NoLayout","2020-05-14T11:36:46.000Z","0055w00000CM4vxAAD","2020-05-14T11:36:46.000Z","0055w00000CM4vxAAD","","","","Html.Layouts.NoLayout","42449426429728178","","","",""
"a2C5w000003u1d6EAA","0055w00000CM4vxAAD","","NoLayout","2020-05-14T11:36:46.000Z","0055w00000CM4vxAAD","2020-05-14T11:36:46.000Z","0055w00000CM4vxAAD","","","","Html.Layouts.NoLayout","42456102387676720","","","",""
"a2C5w000003u1d7EAA","0055w00000CM4vxAAD","","SingleColumnGrid","2020-05-14T11:36:46.000Z","0055w00000CM4vxAAD","2020-05-14T11:36:46.000Z","0055w00000CM4vxAAD","","","","Html.Layouts.SingleColumnGrid","42390275878044532","","","",""
"a2C5w000003u1d8EAA","0055w00000CM4vxAAD","","NoLayout","2020-05-14T11:36:46.000Z","0055w00000CM4vxAAD","2020-05-14T11:36:46.000Z","0055w00000CM4vxAAD","","","","Html.Layouts.NoLayout","42769978230099149","","","",""
"a2C5w000003u1d9EAA","0055w00000CM4vxAAD","","TwoColumnGrid","2020-05-14T11:36:46.000Z","0055w00000CM4vxAAD","2020-05-14T11:36:46.000Z","0055w00000CM4vxAAD","","","","Html.Layouts.TwoColumnGrid","42910999854768465","","","",""
"a2C5w000003u1dAEAQ","0055w00000CM4vxAAD","","TableLayout","2020-05-14T11:36:46.000Z","0055w00000CM4vxAAD","2020-05-14T11:36:46.000Z","0055w00000CM4vxAAD","","","","Html.Layouts.TableLayout","42013398368584653","","","",""
"a2C5w000003u1dBEAQ","0055w00000CM4vxAAD","","TableLayout","2020-05-14T11:36:46.000Z","0055w00000CM4vxAAD","2020-05-14T11:36:46.000Z","0055w00000CM4vxAAD","","","","Html.Layouts.TableLayout","42388778109509464","","","",""
"a2C5w000003u1dCEAQ","0055w00000CM4vxAAD","","TableLayout","2020-05-14T11:36:46.000Z","0055w00000CM4vxAAD","2020-05-14T11:36:46.000Z","0055w00000CM4vxAAD","","","","Html.Layouts.TableLayout","42692567204082517","","","",""
"a2C5w000003u1dDEAQ","0055w00000CM4vxAAD","","NoLayout","2020-05-14T11:36:46.000Z","0055w00000CM4vxAAD","2020-05-14T11:36:46.000Z","0055w00000CM4vxAAD","","","","Html.Layouts.NoLayout","42162946379572798","","","",""
"a2C5w000003u1dEEAQ","0055w00000CM4vxAAD","","NoLayout","2020-05-14T11:36:46.000Z","0055w00000CM4vxAAD","2020-05-14T11:36:46.000Z","0055w00000CM4vxAAD","","","","Html.Layouts.NoLayout","42301705415063071","","","",""
"a2C5w000003u1dFEAQ","0055w00000CM4vxAAD","","NoLayout","2020-05-14T11:36:46.000Z","0055w00000CM4vxAAD","2020-05-14T11:36:46.000Z","0055w00000CM4vxAAD","","","","Html.Layouts.NoLayout","42061288952606448","","","",""
"a2C5w000003u1dGEAQ","0055w00000CM4vxAAD","","SingleColumnGrid","2020-05-14T11:36:46.000Z","0055w00000CM4vxAAD","2020-05-14T11:36:46.000Z","0055w00000CM4vxAAD","","","","Html.Layouts.SingleColumnGrid","42937575843003941","","","",""
"a2C5w000003u1dHEAQ","0055w00000CM4vxAAD","","NoLayout","2020-05-14T11:36:46.000Z","0055w00000CM4vxAAD","2020-05-14T11:36:46.000Z","0055w00000CM4vxAAD","","","","Html.Layouts.NoLayout","42477524637850669","","","",""
"a2C5w000003u1dIEAQ","0055w00000CM4vxAAD","","TwoColumnGrid","2020-05-14T11:36:46.000Z","0055w00000CM4vxAAD","2020-05-14T11:36:46.000Z","0055w00000CM4vxAAD","","","","Html.Layouts.TwoColumnGrid","42061116654153788","","","",""
"a2C5w000003u1dJEAQ","0055w00000CM4vxAAD","","TableLayout","2020-05-14T11:36:46.000Z","0055w00000CM4vxAAD","2020-05-14T11:36:46.000Z","0055w00000CM4vxAAD","","","","Html.Layouts.TableLayout","42230255763488284","","","",""
"a2C5w000003u1dKEAQ","0055w00000CM4vxAAD","","TableLayout","2020-05-14T11:36:46.000Z","0055w00000CM4vxAAD","2020-05-14T11:36:46.000Z","0055w00000CM4vxAAD","","","","Html.Layouts.TableLayout","42083441020651892","","","",""
